Data;Hour;Hs(m);Tp(s);Dir(N)
20071001;01:00;0.38;4.63;190.80
20071001;02:00;0.38;5.00;184.06
20071001;03:00;0.28;4.85;203.65
20071001;04:00;0.25;4.86;184.68
20071001;05:00;0.25;5.19;216.43
20071001;06:00;0.20;5.04;221.62
20071001;07:00;0.26;5.22;209.72
20071001;08:00;0.36;2.60;164.19
20071001;09:00;0.39;4.84;162.68
20071001;10:00;0.35;5.44;194.84
20071001;11:00;0.38;5.36;186.82
20071001;12:00;0.40;5.17;191.38
20071001;13:00;0.43;7.84;176.98
20071001;14:00;0.39;7.71;168.00
20071001;15:00;0.36;7.87;188.32
20071001;16:00;0.35;8.22;187.19
20071001;17:00;0.33;10.50;210.88
20071001;18:00;0.24;11.31;212.53
20071001;19:00;0.27;10.64;194.45
20071001;20:00;0.31;10.29;198.74
20071001;21:00;0.31;9.72;189.40
20071001;22:00;0.32;8.68;196.77
20071001;23:00;0.38;8.88;183.77
20071002;00:00;0.53;8.82;202.32
20071002;01:00;0.44;8.71;187.38
20071002;02:00;0.61;8.75;188.31
20071002;03:00;0.42;8.95;194.75
20071002;04:00;0.43;9.27;200.60
20071002;05:00;0.29;10.10;199.45
20071002;06:00;0.29;9.80;205.77
20071002;07:00;0.24;9.80;205.14
20071002;08:00;0.26;9.87;199.20
20071002;09:00;0.27;9.28;191.86
20071002;10:00;0.28;9.23;194.87
20071002;11:00;0.30;8.89;190.16
20071002;12:00;0.36;8.68;191.18
20071002;13:00;0.41;8.47;195.84
20071002;14:00;0.49;8.72;202.05
20071002;15:00;0.41;8.97;204.39
20071002;16:00;0.36;9.35;205.56
20071002;17:00;0.29;9.21;211.64
20071002;18:00;0.24;9.35;214.98
20071002;19:00;0.24;9.79;180.90
20071002;20:00;0.24;9.39;182.42
20071002;21:00;0.22;9.23;195.20
20071002;22:00;0.25;8.58;212.79
20071002;23:00;0.27;8.20;206.65
20071003;00:00;0.28;8.23;190.17
20071003;01:00;0.30;8.05;183.79
20071003;02:00;0.26;7.75;215.36
20071003;03:00;0.28;7.83;196.82
20071003;04:00;0.29;7.96;215.64
20071003;05:00;0.28;8.27;210.60
20071003;06:00;0.20;8.42;189.67
20071003;07:00;0.18;9.10;149.10
20071003;08:00;0.19;8.46;200.55
20071003;09:00;0.21;7.98;194.29
20071003;10:00;0.19;7.82;206.32
20071003;11:00;0.19;7.31;217.47
20071003;12:00;0.20;7.64;201.02
20071003;13:00;0.22;7.04;202.52
20071003;14:00;0.24;7.62;183.63
20071003;15:00;0.25;7.16;189.17
20071003;16:00;0.26;7.99;194.60
20071003;17:00;0.30;2.26;211.36
20071003;18:00;0.34;2.43;207.31
20071003;19:00;0.28;2.78;224.35
20071003;20:00;0.25;2.49;207.54
20071003;21:00;0.31;2.44;232.03
20071003;22:00;0.30;7.88;205.98
20071003;23:00;0.32;2.23;206.48
20071004;00:00;0.30;2.66;199.34
20071004;01:00;0.34;2.58;192.29
20071004;02:00;0.32;2.66;209.98
20071004;03:00;0.36;2.91;200.90
20071004;04:00;0.40;3.21;208.47
20071004;05:00;0.38;3.01;202.74
20071004;06:00;0.37;3.26;205.37
20071004;07:00;0.36;3.44;226.14
20071004;08:00;0.30;4.00;211.75
20071004;09:00;0.26;3.88;220.38
20071004;10:00;0.24;4.12;205.71
20071004;11:00;0.24;3.87;190.38
20071004;12:00;0.24;3.67;204.50
20071004;13:00;0.23;3.51;204.61
20071004;14:00;0.27;2.88;191.75
20071004;15:00;0.25;9.12;189.91
20071004;16:00;0.30;9.22;191.11
20071004;17:00;0.28;8.28;211.62
20071004;18:00;0.26;9.71;166.66
20071004;19:00;0.25;8.87;185.50
20071004;20:00;0.21;8.77;216.13
20071004;21:00;0.19;8.20;199.22
20071004;22:00;0.16;9.72;216.74
20071004;23:00;0.14;9.45;200.26
20071005;00:00;0.14;9.33;151.13
20071005;01:00;0.16;9.10;181.56
20071005;02:00;0.15;9.36;201.20
20071005;03:00;0.15;9.76;184.96
20071005;04:00;0.16;9.82;238.39
20071005;05:00;0.17;9.70;235.73
20071005;06:00;0.18;9.64;202.92
20071005;07:00;0.19;9.49;113.47
20071005;08:00;0.17;10.75;281.48
20071005;09:00;0.15;10.29;252.10
20071005;10:00;0.14;9.88;140.08
20071005;11:00;0.13;9.54;329.55
20071005;12:00;0.16;10.21;199.11
20071005;13:00;0.21;1.82;202.76
20071005;14:00;0.21;1.81;200.05
20071005;15:00;0.23;3.20;227.60
20071005;16:00;0.21;3.22;192.55
20071005;17:00;0.20;9.61;183.41
20071005;18:00;0.18;8.44;223.07
20071005;19:00;0.21;7.97;181.30
20071005;20:00;0.19;9.33;168.25
20071005;21:00;0.15;10.19;209.13
20071005;22:00;0.14;9.50;189.23
20071005;23:00;0.13;9.78;203.97
20071006;00:00;0.13;5.03;207.45
20071006;01:00;0.15;5.08;190.65
20071006;02:00;0.16;5.21;183.91
20071006;03:00;0.17;5.05;196.89
20071006;04:00;0.17;4.74;198.98
20071006;05:00;0.19;4.81;185.67
20071006;06:00;0.16;5.25;191.83
20071006;07:00;0.17;4.97;187.01
20071006;08:00;0.17;5.12;205.33
20071006;09:00;0.17;4.73;183.59
20071006;10:00;0.14;11.34;129.54
20071006;11:00;0.16;2.06;221.60
20071006;12:00;0.17;4.97;199.42
20071006;13:00;0.18;4.09;209.33
20071006;14:00;0.19;5.25;194.24
20071006;15:00;0.23;4.66;180.52
20071006;16:00;0.23;11.42;186.31
20071006;17:00;0.24;4.04;186.41
20071006;18:00;0.23;11.28;161.08
20071006;19:00;0.20;11.55;138.86
20071006;20:00;0.23;5.45;186.97
20071006;21:00;0.20;11.72;212.82
20071006;22:00;0.25;11.47;189.96
20071006;23:00;0.20;11.43;179.44
20071007;00:00;0.18;13.84;193.85
20071007;01:00;0.19;11.26;179.37
20071007;02:00;0.22;11.28;211.12
20071007;03:00;0.23;10.51;187.03
20071007;04:00;0.21;11.94;199.34
20071007;05:00;0.26;10.16;181.97
20071007;06:00;0.31;10.36;189.78
20071007;07:00;0.34;12.00;139.62
20071007;08:00;0.30;9.91;196.10
20071007;09:00;0.31;10.40;170.37
20071007;10:00;0.32;11.87;217.89
20071007;11:00;0.27;11.02;191.55
20071007;12:00;0.27;11.02;191.55
20071007;13:00;0.00;11.02;356.81
20071007;14:00;0.24;11.17;202.90
20071007;15:00;0.23;10.49;194.41
20071007;16:00;0.26;10.24;184.40
20071007;17:00;0.27;10.13;206.35
20071007;18:00;0.25;9.86;178.01
20071007;19:00;0.33;9.34;194.68
20071007;20:00;0.28;9.21;194.11
20071007;21:00;0.33;9.01;182.82
20071007;22:00;0.35;9.42;183.87
20071007;23:00;0.30;9.38;203.03
20071007;00:00;0.29;9.70;176.30
20071008;01:00;0.20;10.41;178.18
20071008;02:00;0.20;10.60;189.31
20071008;03:00;0.17;10.85;227.61
20071008;04:00;0.18;9.84;188.33
20071008;05:00;0.20;9.04;175.85
20071008;06:00;0.18;9.28;197.81
20071008;07:00;0.19;8.81;188.39
20071008;08:00;0.25;8.37;181.20
20071008;09:00;0.26;8.93;189.73
20071008;10:00;0.25;8.20;199.82
20071008;11:00;0.28;8.64;189.83
20071008;12:00;0.22;9.70;202.80
20071008;13:00;0.23;9.73;199.09
20071008;14:00;0.19;9.89;174.19
20071008;15:00;0.18;10.05;196.19
20071008;16:00;0.21;10.21;201.95
20071008;17:00;0.21;9.78;170.57
20071008;18:00;0.23;9.80;199.92
20071008;19:00;0.28;9.40;175.18
20071008;20:00;0.32;9.35;202.40
20071008;21:00;0.37;8.68;210.04
20071008;22:00;0.38;9.20;189.25
20071008;23:00;0.39;9.71;191.30
20071008;00:00;0.32;9.51;185.03
20071009;01:00;0.34;9.49;185.73
20071009;02:00;0.25;10.44;179.16
20071009;03:00;0.25;10.41;210.98
20071009;04:00;0.23;9.52;200.02
20071009;05:00;0.29;9.44;196.47
20071009;06:00;0.37;8.87;192.07
20071009;07:00;0.47;2.56;203.02
20071009;08:00;0.59;3.02;210.31
20071009;09:00;0.56;3.16;199.90
20071009;10:00;0.69;3.53;205.70
20071009;11:00;0.72;3.79;207.36
20071009;12:00;0.79;4.10;218.63
20071009;13:00;0.97;4.27;222.35
20071009;14:00;0.70;4.61;226.86
20071009;15:00;0.61;5.28;230.95
20071009;16:00;0.62;5.24;224.58
20071009;17:00;0.67;5.32;210.42
20071009;18:00;0.65;5.16;207.15
20071009;19:00;0.56;4.94;204.49
20071009;20:00;0.61;4.79;205.81
20071009;21:00;0.65;4.79;208.58
20071009;22:00;0.67;4.83;207.63
20071009;23:00;0.56;5.03;206.68
20071009;00:00;0.55;5.08;210.15
20071010;01:00;0.57;5.18;220.07
20071010;02:00;0.54;4.97;232.87
20071010;03:00;0.51;2.79;236.78
20071010;04:00;0.56;3.49;246.28
20071010;05:00;0.53;3.34;224.32
20071010;06:00;0.44;5.50;208.79
20071010;07:00;0.40;4.82;214.53
20071010;08:00;0.39;4.76;218.47
20071010;09:00;0.39;4.88;206.24
20071010;10:00;0.33;4.68;195.77
20071010;11:00;0.30;7.38;198.17
20071010;12:00;0.28;7.33;198.45
20071010;13:00;0.29;7.37;191.83
20071010;14:00;0.26;7.38;189.16
20071010;15:00;0.20;7.75;188.00
20071010;16:00;0.18;10.36;221.80
20071010;17:00;0.19;7.64;179.85
20071010;18:00;0.21;9.90;200.91
20071010;19:00;0.23;9.41;168.25
20071010;20:00;0.25;9.90;194.29
20071010;21:00;0.30;9.79;172.56
20071010;22:00;0.33;8.81;179.86
20071010;23:00;0.39;8.63;182.38
20071010;00:00;0.44;9.19;194.63
20071011;01:00;0.39;10.44;185.49
20071011;02:00;0.41;10.28;196.02
20071011;03:00;0.26;11.46;201.70
20071011;04:00;0.23;10.24;211.95
20071011;05:00;0.21;9.50;194.52
20071011;06:00;0.23;4.25;214.00
20071011;07:00;0.27;9.56;205.74
20071011;08:00;0.30;9.95;196.83
20071011;09:00;0.30;8.52;193.81
20071011;10:00;0.34;8.84;186.15
20071011;11:00;0.37;8.36;184.28
20071011;12:00;0.39;9.19;193.15
20071011;13:00;0.42;11.48;189.03
20071011;14:00;0.39;12.10;184.77
20071011;15:00;0.27;11.01;193.85
20071011;16:00;0.29;11.68;179.05
20071011;17:00;0.24;11.48;197.25
20071011;18:00;0.27;11.41;198.58
20071011;19:00;0.37;10.49;189.17
20071011;20:00;0.37;10.63;188.34
20071011;21:00;0.44;10.27;205.86
20071011;22:00;0.51;9.52;185.00
20071011;23:00;0.48;10.16;171.22
20071011;00:00;0.56;10.80;170.59
20071012;01:00;0.49;11.38;215.22
20071012;02:00;0.45;11.45;164.80
20071012;03:00;0.33;11.43;203.59
20071012;04:00;0.27;11.63;185.39
20071012;05:00;0.26;11.01;191.86
20071012;06:00;0.30;11.17;199.84
20071012;07:00;0.32;10.32;192.73
20071012;08:00;0.32;10.19;179.06
20071012;09:00;0.42;9.54;179.48
20071012;10:00;0.38;9.39;202.65
20071012;11:00;0.45;9.87;188.62
20071012;12:00;0.53;9.86;184.70
20071012;13:00;0.50;10.36;188.77
20071012;14:00;0.47;10.33;186.77
20071012;15:00;0.35;10.32;208.08
20071012;16:00;0.28;11.45;201.80
20071012;17:00;0.25;11.12;207.92
20071012;18:00;0.21;10.38;192.03
20071012;19:00;0.25;9.38;187.73
20071012;20:00;0.29;9.64;201.37
20071012;21:00;0.31;9.19;190.26
20071012;22:00;0.41;12.29;186.57
20071012;23:00;0.46;9.54;198.95
20071012;00:00;0.46;9.75;173.65
20071013;01:00;0.48;12.24;187.30
20071013;02:00;0.44;10.36;183.77
20071013;03:00;0.37;11.52;207.71
20071013;04:00;0.32;13.16;190.55
20071013;05:00;0.23;12.69;203.85
20071013;06:00;0.21;12.56;197.72
20071013;07:00;0.24;11.57;198.75
20071013;08:00;0.31;11.62;185.18
20071013;09:00;0.37;10.88;188.16
20071013;10:00;0.40;11.06;165.88
20071013;11:00;0.46;11.21;182.85
20071013;12:00;0.51;11.46;141.47
20071013;13:00;0.57;11.60;179.54
20071013;14:00;0.48;11.53;194.38
20071013;15:00;0.45;11.68;187.65
20071013;16:00;0.30;12.81;189.31
20071013;17:00;0.26;11.50;179.59
20071013;18:00;0.24;11.39;174.02
20071013;19:00;0.27;11.44;173.06
20071013;20:00;0.34;10.27;190.08
20071013;21:00;0.38;10.47;173.96
20071013;22:00;0.39;10.30;185.24
20071013;23:00;0.42;10.24;194.72
20071013;00:00;0.60;10.34;184.99
20071014;01:00;0.55;11.10;181.19
20071014;02:00;0.45;11.41;186.08
20071014;03:00;0.46;11.43;188.24
20071014;04:00;0.33;11.57;206.40
20071014;05:00;0.29;11.98;210.80
20071014;06:00;0.24;11.31;186.69
20071014;07:00;0.28;10.79;198.65
20071014;08:00;0.35;10.48;200.38
20071014;09:00;0.40;10.26;205.23
20071014;10:00;0.47;10.01;198.32
20071014;11:00;0.54;10.14;185.43
20071014;12:00;0.55;9.87;194.29
20071014;13:00;0.57;9.85;194.80
20071014;14:00;0.46;10.47;176.59
20071014;15:00;0.45;10.77;198.12
20071014;16:00;0.30;11.38;202.30
20071014;17:00;0.29;11.36;190.78
20071014;18:00;0.22;11.17;211.82
20071014;19:00;0.24;10.36;217.15
20071014;20:00;0.27;10.01;186.99
20071014;21:00;0.32;9.62;200.24
20071014;22:00;0.32;9.90;177.48
20071014;23:00;0.38;9.40;190.75
20071014;00:00;0.45;8.94;187.96
20071015;01:00;0.45;9.44;196.47
20071015;02:00;0.43;10.54;183.91
20071015;03:00;0.39;10.69;186.81
20071015;04:00;0.33;10.24;217.38
20071015;05:00;0.24;10.32;208.75
20071015;06:00;0.22;10.24;230.54
20071015;07:00;0.21;10.05;199.98
20071015;08:00;0.22;9.48;195.14
20071015;09:00;0.24;8.60;165.82
20071015;10:00;0.24;9.43;205.74
20071015;11:00;0.34;8.96;203.85
20071015;12:00;0.48;8.99;188.31
20071015;13:00;0.61;2.84;198.89
20071015;14:00;0.65;3.19;206.79
20071015;15:00;0.68;3.71;224.53
20071015;16:00;0.78;3.68;224.42
20071015;17:00;0.67;3.97;234.42
20071015;18:00;0.82;4.06;231.30
20071015;19:00;0.84;4.02;229.39
20071015;20:00;0.84;4.02;229.39
20071015;21:00;0.01;12.95;12.68
20071015;22:00;0.82;4.76;209.79
20071015;23:00;0.97;4.78;212.50
20071015;00:00;1.04;4.76;212.14
20071015;01:00;1.08;4.79;212.16
20071016;02:00;1.13;4.52;206.81
20071016;03:00;1.08;4.36;208.70
20071016;04:00;1.21;5.34;214.46
20071016;05:00;1.17;5.36;219.56
20071016;06:00;1.01;5.85;218.15
20071016;07:00;0.96;5.25;219.07
20071016;08:00;1.03;5.56;216.28
20071016;09:00;1.19;5.80;215.21
20071016;10:00;1.28;5.69;209.70
20071016;11:00;1.27;5.38;213.52
20071016;12:00;1.18;5.35;208.49
20071016;13:00;1.19;5.54;210.16
20071016;14:00;1.32;5.62;206.29
20071016;15:00;1.14;5.48;206.13
20071016;16:00;1.02;4.31;207.81
20071016;17:00;1.10;5.51;216.71
20071016;18:00;0.96;5.88;212.93
20071016;19:00;0.93;5.30;212.14
20071016;20:00;0.93;5.57;210.35
20071016;21:00;0.98;5.38;202.98
20071016;22:00;1.09;4.78;200.44
20071016;23:00;1.09;5.28;204.42
20071016;00:00;1.25;5.30;203.07
20071016;01:00;1.31;5.22;205.34
20071017;02:00;1.44;5.59;201.85
20071017;03:00;1.27;5.75;203.55
20071017;04:00;1.38;6.41;200.21
20071017;05:00;1.15;6.69;207.50
20071017;06:00;0.92;7.90;215.81
20071017;07:00;0.59;7.04;217.90
20071017;08:00;0.54;7.04;205.01
20071017;09:00;0.53;7.05;208.81
20071017;10:00;0.54;7.25;204.78
20071017;11:00;0.44;6.48;198.29
20071017;12:00;0.50;6.32;202.61
20071017;13:00;0.49;5.63;201.09
20071017;14:00;0.44;6.50;206.31
20071017;15:00;0.41;6.36;196.37
20071017;16:00;0.36;6.25;215.36
20071017;17:00;0.38;6.69;218.58
20071017;18:00;0.36;6.68;183.99
20071017;19:00;0.37;7.06;214.13
20071017;20:00;0.30;7.20;226.63
20071017;21:00;0.27;7.69;216.87
20071017;22:00;0.29;7.39;212.44
20071017;23:00;0.29;7.63;202.73
20071017;00:00;0.25;6.49;192.89
20071017;01:00;0.23;6.30;189.54
20071018;02:00;0.24;6.26;198.50
20071018;03:00;0.22;7.50;192.07
20071018;04:00;0.21;6.22;187.96
20071018;05:00;0.24;6.76;179.11
20071018;06:00;0.21;7.13;190.68
20071018;07:00;0.23;7.20;223.26
20071018;08:00;0.19;7.48;182.94
20071018;09:00;0.18;8.26;200.87
20071018;10:00;0.16;6.69;197.38
20071018;11:00;0.16;6.51;172.26
20071018;12:00;0.17;7.09;203.22
20071018;13:00;0.17;7.05;194.96
20071018;14:00;0.17;6.87;180.53
20071018;15:00;0.18;7.21;196.90
20071018;16:00;0.20;7.15;189.76
20071018;17:00;0.19;7.77;175.09
20071018;18:00;0.18;7.40;224.15
20071018;19:00;0.18;8.50;214.64
20071018;20:00;0.15;8.21;234.74
20071018;21:00;0.14;8.00;210.24
20071018;22:00;0.14;5.88;211.04
20071018;23:00;0.15;7.39;217.01
20071018;00:00;0.16;5.70;199.42
20071018;01:00;0.17;6.95;215.79
20071019;02:00;0.16;5.85;192.78
20071019;03:00;0.16;6.95;202.95
20071019;04:00;0.14;7.11;194.86
20071019;05:00;0.16;6.90;186.59
20071019;06:00;0.18;12.34;215.94
20071019;07:00;0.20;11.62;195.56
20071019;08:00;0.19;11.43;167.82
20071019;09:00;0.17;11.55;193.42
20071019;10:00;0.17;17.28;193.47
20071019;11:00;0.19;11.57;171.36
20071019;12:00;0.24;11.06;185.58
20071019;13:00;0.31;10.91;168.95
20071019;14:00;0.22;10.87;199.10
20071019;15:00;0.29;10.78;231.59
20071019;16:00;0.26;10.81;190.25
20071019;17:00;0.31;11.01;203.31
20071019;18:00;0.29;10.85;206.35
20071019;19:00;0.24;10.77;191.93
20071019;20:00;0.20;10.69;162.36
20071019;21:00;0.21;10.65;161.64
20071019;22:00;0.24;10.79;185.02
20071019;23:00;0.25;11.27;195.95
20071019;00:00;0.25;11.03;196.41
20071019;01:00;0.21;11.94;183.50
20071020;02:00;0.25;12.53;206.21
20071020;03:00;0.26;12.71;159.28
20071020;04:00;0.34;12.30;181.11
20071020;05:00;0.26;12.17;175.60
20071020;06:00;0.28;12.09;176.52
20071020;07:00;0.29;9.63;192.48
20071020;08:00;0.25;12.03;188.87
20071020;09:00;0.30;12.10;182.35
20071020;10:00;0.21;9.52;212.14
20071020;11:00;0.19;9.77;162.27
20071020;12:00;0.20;9.65;191.54
20071020;13:00;0.21;9.29;190.01
20071020;14:00;0.28;9.29;195.25
20071020;15:00;0.33;8.87;171.50
20071020;16:00;0.34;3.87;182.72
20071020;17:00;0.35;3.78;181.50
20071020;18:00;0.37;8.97;194.79
20071020;19:00;0.44;8.89;187.20
20071020;20:00;0.38;8.82;207.47
20071020;21:00;0.31;9.01;199.47
20071020;22:00;0.25;9.32;196.48
20071020;23:00;0.22;9.48;211.50
20071020;00:00;0.19;4.19;198.27
20071020;01:00;0.20;9.08;198.72
20071021;02:00;0.23;8.64;199.53
20071021;03:00;0.21;3.86;198.58
20071021;04:00;0.25;3.61;184.45
20071021;05:00;0.23;3.65;188.06
20071021;06:00;0.27;8.75;200.68
20071021;07:00;0.29;3.73;193.55
20071021;08:00;0.27;9.08;193.28
20071021;09:00;0.28;10.92;202.55
20071021;10:00;0.23;10.90;203.92
20071021;11:00;0.29;10.97;190.46
20071021;12:00;0.25;4.20;201.74
20071021;13:00;0.28;4.14;210.81
20071021;14:00;0.31;3.95;205.74
20071021;15:00;0.34;3.56;213.12
20071021;16:00;0.34;3.84;186.52
20071021;17:00;0.34;9.95;194.79
20071021;18:00;0.38;9.96;180.05
20071021;19:00;0.36;10.07;191.10
20071021;20:00;0.38;10.54;176.89
20071021;21:00;0.37;9.50;172.70
20071021;22:00;0.34;8.95;192.51
20071021;23:00;0.32;10.10;211.69
20071021;00:00;0.32;12.36;192.48
20071021;01:00;0.24;12.08;218.84
20071022;02:00;0.25;12.25;207.78
20071022;03:00;0.28;11.40;213.83
20071022;04:00;0.30;11.28;198.41
20071022;05:00;0.33;10.88;201.56
20071022;06:00;0.35;11.00;186.51
20071022;07:00;0.38;10.68;192.54
20071022;08:00;0.40;10.83;205.09
20071022;09:00;0.48;10.96;168.13
20071022;10:00;0.49;10.99;197.80
20071022;11:00;0.45;3.44;204.13
20071022;12:00;0.46;11.41;208.89
20071022;13:00;0.46;3.84;209.64
20071022;14:00;0.49;4.31;204.63
20071022;15:00;0.53;4.30;201.46
20071022;16:00;0.57;4.03;195.98
20071022;17:00;0.60;4.23;193.00
20071022;18:00;0.64;4.34;195.52
20071022;19:00;0.54;4.50;184.38
20071022;20:00;0.52;4.24;197.68
20071022;21:00;0.52;4.09;196.48
20071022;22:00;0.46;4.18;199.52
20071022;23:00;0.38;10.40;197.91
20071022;00:00;0.38;4.55;205.21
20071022;01:00;0.36;4.36;216.99
20071023;02:00;0.32;4.56;212.69
20071023;03:00;0.29;4.48;200.06
20071023;04:00;0.35;3.98;205.36
20071023;05:00;0.39;3.95;186.61
20071023;06:00;0.44;4.00;188.26
20071023;07:00;0.40;3.86;188.51
20071023;08:00;0.44;3.89;195.94
20071023;09:00;0.44;4.33;192.36
20071023;10:00;0.41;4.45;183.64
20071023;11:00;0.35;4.70;196.83
20071023;12:00;0.35;9.67;208.49
20071023;13:00;0.29;9.94;177.70
20071023;14:00;0.25;5.04;201.52
20071023;15:00;0.22;4.44;234.50
20071023;16:00;0.23;4.79;203.34
20071023;17:00;0.27;4.66;183.79
20071023;18:00;0.27;4.42;192.94
20071023;19:00;0.24;4.47;181.51
20071023;20:00;0.23;9.36;159.40
20071023;21:00;0.24;8.36;189.49
20071023;22:00;0.28;8.73;152.76
20071023;23:00;0.33;9.29;173.55
20071023;00:00;0.22;6.45;181.05
20071023;01:00;0.21;5.94;195.68
20071024;02:00;0.17;6.15;192.65
20071024;03:00;0.17;5.99;194.00
20071024;04:00;0.17;5.99;194.00
20071024;05:00;0.19;5.42;192.21
20071024;06:00;0.19;5.42;192.21
20071024;07:00;0.23;5.79;180.45
20071024;08:00;0.24;4.79;204.88
20071024;09:00;0.24;5.33;191.92
20071024;10:00;0.24;5.00;186.21
20071024;11:00;0.27;4.87;168.49
20071024;12:00;0.29;6.99;177.70
20071024;13:00;0.24;5.93;197.03
20071024;14:00;0.23;6.62;202.80
20071024;15:00;0.19;6.37;179.84
20071024;16:00;0.18;6.52;188.47
20071024;17:00;0.18;5.98;191.25
20071024;18:00;0.20;5.97;214.18
20071024;19:00;0.23;6.08;182.56
20071024;20:00;0.24;6.27;197.45
20071024;21:00;0.25;6.19;190.02
20071024;22:00;0.24;5.89;179.40
20071024;23:00;0.24;5.57;192.07
20071024;00:00;0.29;6.77;204.17
20071024;01:00;0.29;11.27;162.94
20071024;02:00;0.23;5.94;196.01
20071025;03:00;0.25;6.82;194.62
20071025;04:00;0.19;6.24;200.01
20071025;05:00;0.16;5.90;192.41
20071025;06:00;0.17;5.71;216.98
20071025;07:00;0.21;5.76;194.43
20071025;08:00;0.23;5.87;219.76
20071025;09:00;0.23;5.71;183.26
20071025;10:00;0.25;5.34;182.08
20071025;11:00;0.27;9.19;173.88
20071025;12:00;0.31;9.93;156.90
20071025;13:00;0.32;10.48;179.47
20071025;14:00;0.23;10.49;194.97
20071025;15:00;0.20;5.79;186.05
20071025;16:00;0.18;5.26;211.92
20071025;17:00;0.16;5.00;204.79
20071025;18:00;0.16;5.48;208.60
20071025;19:00;0.20;5.01;207.32
20071025;20:00;0.24;4.67;200.56
20071025;21:00;0.26;5.13;202.02
20071025;22:00;0.27;4.71;187.03
20071025;23:00;0.32;10.48;169.86
20071025;00:00;0.31;9.41;154.99
20071025;01:00;0.35;9.50;163.92
20071025;02:00;0.27;11.09;176.21
20071026;03:00;0.26;10.12;180.45
20071026;04:00;0.17;12.56;214.97
20071026;05:00;0.17;4.78;237.61
20071026;06:00;0.16;4.52;196.42
20071026;07:00;0.17;4.92;215.60
20071026;08:00;0.22;4.50;199.92
20071026;09:00;0.24;4.05;192.08
20071026;10:00;0.25;4.06;191.00
20071026;11:00;0.28;9.46;197.89
20071026;12:00;0.34;9.24;185.39
20071026;13:00;0.32;9.34;182.51
20071026;14:00;0.33;10.07;147.29
20071026;15:00;0.30;9.49;177.13
20071026;16:00;0.21;10.84;222.27
20071026;17:00;0.21;10.87;231.23
20071026;18:00;0.14;10.94;196.52
20071026;19:00;0.14;10.34;210.63
20071026;20:00;0.17;10.08;187.07
20071026;21:00;0.23;7.19;215.53
20071026;22:00;0.24;9.24;203.56
20071026;23:00;0.28;8.63;214.94
20071026;00:00;0.30;8.77;226.83
20071026;01:00;0.35;8.89;167.66
20071026;02:00;0.43;9.15;190.77
20071027;03:00;0.47;2.95;205.48
20071027;04:00;0.58;3.42;231.73
20071027;05:00;0.62;3.62;237.51
20071027;06:00;0.61;3.81;241.79
20071027;07:00;0.59;3.92;241.25
20071027;08:00;0.60;3.56;230.45
20071027;09:00;0.59;3.80;215.94
20071027;10:00;0.63;3.68;209.52
20071027;11:00;0.77;3.60;212.18
20071027;12:00;0.80;3.76;214.85
20071027;13:00;0.85;3.81;206.69
20071027;14:00;0.77;3.49;213.69
20071027;15:00;0.78;4.12;215.17
20071027;16:00;1.06;4.24;220.83
20071027;17:00;0.95;4.67;226.64
20071027;18:00;0.93;4.90;225.36
20071027;19:00;0.97;3.93;225.81
20071027;20:00;0.98;4.24;219.43
20071027;21:00;1.13;5.37;209.41
20071027;22:00;1.10;5.09;209.39
20071027;23:00;1.00;5.15;208.66
20071027;00:00;1.07;5.06;207.26
20071027;01:00;1.14;5.27;206.74
20071027;02:00;1.22;4.60;206.82
20071028;03:00;1.21;4.60;203.73
20071028;04:00;1.23;4.41;211.96
20071028;05:00;1.21;5.68;217.75
20071028;06:00;1.14;5.65;217.94
20071028;07:00;1.22;6.56;218.74
20071028;08:00;1.19;6.73;213.64
20071028;09:00;1.23;6.19;205.95
20071028;10:00;1.53;5.66;203.94
20071028;11:00;1.44;5.77;204.34
20071028;12:00;1.63;5.59;206.69
20071028;13:00;1.60;5.89;207.07
20071028;14:00;1.63;6.02;205.90
20071028;15:00;1.71;5.90;205.46
20071028;16:00;1.65;6.65;207.14
20071028;17:00;1.90;6.79;212.62
20071028;18:00;1.59;6.70;212.91
20071028;19:00;1.56;7.29;214.09
20071028;20:00;1.41;7.38;215.88
20071028;21:00;1.34;7.06;210.53
20071028;22:00;1.71;6.45;201.68
20071028;23:00;1.41;6.68;203.37
20071028;00:00;1.23;6.66;203.37
20071028;01:00;1.31;6.61;202.69
20071028;02:00;1.16;6.75;201.58
20071029;03:00;1.04;7.67;196.85
20071029;04:00;0.91;6.93;195.75
20071029;05:00;0.92;8.14;204.09
20071029;06:00;0.64;7.25;209.78
20071029;07:00;0.64;9.09;217.34
20071029;08:00;0.52;6.81;214.90
20071029;09:00;0.46;8.22;197.60
20071029;10:00;0.47;6.65;199.44
20071029;11:00;0.48;7.38;198.73
20071029;12:00;0.48;7.22;202.68
20071029;13:00;0.52;7.06;210.23
20071029;14:00;0.52;6.98;194.65
20071029;15:00;0.56;6.79;205.25
20071029;16:00;0.53;7.26;205.22
20071029;17:00;0.51;7.60;200.56
20071029;18:00;0.55;7.87;213.46
20071029;19:00;0.44;8.41;217.94
20071029;20:00;0.50;3.06;241.07
20071029;21:00;0.57;3.02;241.54
20071029;22:00;0.53;2.79;226.59
20071029;23:00;0.50;4.88;205.02
20071029;00:00;0.55;5.84;204.21
20071029;01:00;0.60;5.43;192.72
20071029;02:00;0.61;6.82;191.88
20071030;03:00;0.68;5.18;198.48
20071030;04:00;0.67;6.72;189.34
20071030;05:00;0.69;7.55;212.61
20071030;06:00;0.75;7.12;206.24
20071030;07:00;0.60;6.96;219.86
20071030;08:00;0.51;7.18;213.12
20071030;09:00;0.48;7.04;213.83
20071030;10:00;0.49;6.66;225.62
20071030;11:00;0.49;5.49;204.18
20071030;12:00;0.46;5.05;202.20
20071030;13:00;0.51;4.97;195.67
20071030;14:00;0.61;4.91;203.38
20071030;15:00;0.56;7.66;188.87
20071030;16:00;0.51;5.55;199.22
20071030;17:00;0.46;6.06;202.62
20071030;18:00;0.50;6.54;204.97
20071030;19:00;0.43;7.60;207.57
20071030;20:00;0.34;6.27;199.01
20071030;21:00;0.31;7.13;203.43
20071030;22:00;0.27;7.62;205.71
20071030;23:00;0.26;6.11;201.81
20071030;00:00;0.30;6.62;199.39
20071030;01:00;0.27;7.18;193.93
20071030;02:00;0.31;8.51;198.10
20071031;03:00;0.42;8.93;192.96
20071031;04:00;0.32;5.78;200.05
20071031;05:00;0.32;6.72;196.68
20071031;06:00;0.32;6.28;172.73
20071031;07:00;0.32;7.16;203.82
20071031;08:00;0.27;8.19;178.70
20071031;09:00;0.27;7.14;208.84
20071031;10:00;0.26;7.03;213.26
20071031;11:00;0.26;6.77;202.33
20071031;12:00;0.26;5.65;200.66
20071031;13:00;0.27;6.55;193.44
20071031;14:00;0.31;5.95;216.54
20071031;15:00;0.34;8.48;189.70
20071031;16:00;0.40;7.21;187.71
20071031;17:00;0.42;7.76;189.88
20071031;18:00;0.41;2.51;200.34
20071031;19:00;0.46;2.85;210.90
20071031;20:00;0.41;2.58;231.26
20071031;21:00;0.34;3.04;236.60
20071031;22:00;0.31;2.94;221.94
20071031;23:00;0.28;6.74;212.79
20071031;00:00;0.30;3.41;203.42
20071031;01:00;0.32;3.43;196.64
20071031;02:00;0.29;3.24;208.99
20071101;03:00;0.28;5.22;204.08
20071101;04:00;0.31;8.57;201.42
20071101;05:00;0.30;8.70;206.16
20071101;06:00;0.32;7.75;203.71
20071101;07:00;0.36;7.30;211.44
20071101;08:00;0.43;2.52;213.35
20071101;09:00;0.37;2.95;232.58
20071101;10:00;0.36;2.31;220.25
20071101;11:00;0.34;2.90;220.66
20071101;12:00;0.34;2.90;220.66
20071101;13:00;0.00;3.64;239.68
20071101;14:00;0.36;3.62;209.16
20071101;15:00;0.33;3.45;213.77
20071101;16:00;0.31;3.43;203.57
20071101;17:00;0.33;3.02;200.29
20071101;18:00;0.34;3.37;212.53
20071101;19:00;0.34;3.32;201.01
20071101;20:00;0.33;8.14;221.93
20071101;21:00;0.36;2.85;231.16
20071101;22:00;0.36;3.01;221.26
20071101;23:00;0.26;2.95;224.12
20071101;00:00;0.28;3.70;204.18
20071101;01:00;0.26;3.75;210.80
20071101;02:00;0.25;3.35;214.35
20071101;03:00;0.25;3.15;197.90
20071102;04:00;0.21;3.36;208.55
20071102;05:00;0.21;7.16;196.38
20071102;06:00;0.20;7.35;223.05
20071102;07:00;0.21;6.88;188.23
20071102;08:00;0.20;7.58;200.52
20071102;09:00;0.19;8.18;188.75
20071102;10:00;0.19;7.91;206.80
20071102;11:00;0.20;8.83;198.58
20071102;12:00;0.15;7.64;235.30
20071102;13:00;0.14;7.54;181.36
20071102;14:00;0.14;6.37;233.52
20071102;15:00;0.18;2.44;193.34
20071102;16:00;0.16;7.44;192.64
20071102;17:00;0.16;8.15;202.20
20071102;18:00;0.16;8.68;201.79
20071102;19:00;0.21;7.78;189.67
20071102;20:00;0.17;8.67;196.68
20071102;21:00;0.22;8.47;189.06
20071102;22:00;0.20;8.78;211.09
20071102;23:00;0.20;8.22;214.74
20071102;00:00;0.17;9.00;223.29
20071102;01:00;0.19;8.72;189.30
20071102;02:00;0.18;7.86;187.82
20071102;03:00;0.20;2.12;203.76
20071103;04:00;0.19;8.15;201.48
20071103;05:00;0.17;8.56;215.00
20071103;06:00;0.15;7.83;178.03
20071103;07:00;0.17;8.29;187.58
20071103;08:00;0.17;7.75;180.68
20071103;09:00;0.18;7.97;189.38
20071103;10:00;0.19;8.44;173.82
20071103;11:00;0.20;8.41;282.73
20071103;12:00;0.21;8.53;191.11
20071103;13:00;0.21;8.44;160.04
20071103;14:00;0.15;8.00;208.88
20071103;15:00;0.14;8.61;191.65
20071103;16:00;0.13;8.09;219.45
20071103;17:00;0.17;7.39;195.83
20071103;18:00;0.18;6.94;198.31
20071103;19:00;0.18;6.62;182.62
20071103;20:00;0.18;7.53;217.15
20071103;21:00;0.20;7.76;191.06
20071103;22:00;0.18;7.88;187.11
20071103;23:00;0.18;7.87;199.06
20071103;00:00;0.18;7.98;169.64
20071103;01:00;0.17;8.21;189.56
20071103;02:00;0.14;8.60;245.49
20071103;03:00;0.12;8.43;208.21
20071104;04:00;0.11;9.65;195.86
20071104;05:00;0.14;7.16;194.08
20071104;06:00;0.12;9.54;182.47
20071104;07:00;0.14;9.78;168.15
20071104;08:00;0.15;9.82;152.50
20071104;09:00;0.16;9.55;210.70
20071104;10:00;0.19;9.68;174.02
20071104;11:00;0.18;9.60;145.82
20071104;12:00;0.17;10.21;175.03
20071104;13:00;0.19;10.82;126.36
20071104;14:00;0.17;10.31;114.88
20071104;15:00;0.13;10.33;215.99
20071104;16:00;0.12;10.08;197.41
20071104;17:00;0.18;10.14;204.53
20071104;18:00;0.20;9.72;191.27
20071104;19:00;0.16;9.43;177.34
20071104;20:00;0.17;9.56;199.33
20071104;21:00;0.19;9.40;178.80
20071104;22:00;0.18;9.55;173.78
20071104;23:00;0.18;9.43;152.83
20071104;00:00;0.18;9.22;160.59
20071104;01:00;0.16;9.37;206.61
20071104;02:00;0.16;10.08;203.73
20071104;03:00;0.12;8.96;201.23
20071105;04:00;0.11;9.35;210.39
20071105;05:00;0.13;4.92;184.03
20071105;06:00;0.13;9.99;159.44
20071105;07:00;0.15;4.19;180.20
20071105;08:00;0.14;3.83;178.44
20071105;09:00;0.16;7.78;191.29
20071105;10:00;0.16;7.29;172.67
20071105;11:00;0.19;7.89;162.24
20071105;12:00;0.20;8.25;240.45
20071105;13:00;0.20;8.35;165.16
20071105;14:00;0.19;8.39;214.70
20071105;15:00;0.19;8.25;218.29
20071105;16:00;0.16;9.67;236.17
20071105;17:00;0.15;3.68;190.27
20071105;18:00;0.47;3.29;221.98
20071105;19:00;0.54;3.33;214.66
20071105;20:00;0.49;3.24;222.63
20071105;21:00;0.52;3.13;216.22
20071105;22:00;0.50;3.35;225.71
20071105;23:00;0.49;2.94;217.41
20071105;00:00;0.52;3.47;223.59
20071105;01:00;0.50;3.34;222.63
20071105;02:00;0.53;4.03;224.56
20071105;03:00;0.48;4.29;221.28
20071106;04:00;0.34;4.73;226.50
20071106;05:00;0.27;4.56;214.90
20071106;06:00;0.29;4.68;220.95
20071106;07:00;0.31;4.47;214.42
20071106;08:00;0.26;4.69;212.81
20071106;09:00;0.26;4.34;203.13
20071106;10:00;0.29;4.06;206.30
20071106;11:00;0.31;4.28;213.71
20071106;12:00;0.28;4.95;192.48
20071106;13:00;0.30;4.64;208.38
20071106;14:00;0.39;2.71;227.91
20071106;15:00;0.38;2.72;247.06
20071106;16:00;0.34;2.71;232.66
20071106;17:00;0.31;2.32;218.84
20071106;18:00;0.32;2.90;241.93
20071106;19:00;0.27;3.43;218.57
20071106;20:00;0.21;3.81;189.23
20071106;21:00;0.19;3.85;189.36
20071106;22:00;0.17;4.34;186.80
20071106;23:00;0.22;3.55;184.11
20071106;00:00;0.25;4.33;205.94
20071106;01:00;0.28;11.58;185.37
20071106;02:00;0.28;2.54;219.74
20071106;03:00;0.32;2.72;248.46
20071107;04:00;0.32;2.94;230.12
20071107;05:00;0.34;3.03;224.23
20071107;06:00;0.39;3.03;246.99
20071107;07:00;0.40;3.30;220.37
20071107;08:00;0.41;2.85;221.65
20071107;09:00;0.46;2.63;226.75
20071107;10:00;0.51;3.40;219.64
20071107;11:00;0.55;3.44;221.19
20071107;12:00;0.59;2.86;216.28
20071107;13:00;0.58;3.62;205.58
20071107;14:00;0.60;4.00;220.70
20071107;15:00;0.73;4.04;231.66
20071107;16:00;0.79;4.51;234.47
20071107;17:00;0.76;4.02;235.95
20071107;18:00;0.62;3.83;236.29
20071107;19:00;0.67;3.67;231.38
20071107;20:00;0.66;5.45;223.02
20071107;21:00;0.63;5.57;209.29
20071107;22:00;0.60;5.57;208.39
20071107;23:00;0.60;5.30;203.70
20071107;00:00;0.62;5.48;203.50
20071107;01:00;0.56;5.06;202.03
20071107;02:00;0.49;5.24;205.01
20071107;03:00;0.51;5.59;215.30
20071108;04:00;0.51;5.69;215.15
20071108;05:00;0.43;5.69;243.37
20071108;06:00;0.35;5.89;216.39
20071108;07:00;0.38;2.77;226.03
20071108;08:00;0.42;2.68;223.18
20071108;09:00;0.44;5.35;202.88
20071108;10:00;0.43;5.14;204.56
20071108;11:00;0.45;4.60;204.05
20071108;12:00;0.48;4.51;208.51
20071108;13:00;0.52;4.05;212.01
20071108;14:00;0.53;4.72;208.64
20071108;15:00;0.58;3.22;219.02
20071108;16:00;0.77;3.70;223.68
20071108;17:00;0.86;3.97;234.33
20071108;18:00;1.01;4.93;234.26
20071108;19:00;0.96;5.19;230.63
20071108;20:00;1.08;5.48;217.01
20071108;21:00;1.05;5.98;213.66
20071108;22:00;1.02;5.69;214.31
20071108;23:00;0.96;5.99;210.45
20071108;00:00;0.84;5.89;206.36
20071108;01:00;0.78;6.02;206.22
20071108;02:00;0.73;6.01;205.30
20071108;03:00;0.67;6.22;215.70
20071109;04:00;0.74;6.80;220.00
20071109;05:00;0.69;7.25;227.51
20071109;06:00;0.53;6.89;225.92
20071109;07:00;0.53;3.67;231.06
20071109;08:00;0.53;6.28;225.49
20071109;09:00;0.58;6.13;211.90
20071109;10:00;0.69;6.13;205.30
20071109;11:00;0.70;5.94;206.43
20071109;12:00;0.66;5.79;207.79
20071109;13:00;0.56;5.90;208.71
20071109;14:00;0.51;6.02;213.88
20071109;15:00;0.49;6.00;221.05
20071109;16:00;0.56;6.23;248.12
20071109;17:00;0.59;3.12;254.23
20071109;18:00;0.44;3.26;249.23
20071109;19:00;0.44;3.26;249.23
20071109;20:00;0.01;1.23;322.17
20071109;21:00;0.39;6.78;230.40
20071109;22:00;0.49;6.30;228.67
20071109;23:00;0.48;5.77;204.66
20071109;00:00;0.53;5.68;203.73
20071109;01:00;0.59;5.56;207.58
20071109;02:00;0.55;5.17;207.88
20071109;03:00;0.52;5.10;209.31
20071109;04:00;0.50;3.00;219.62
20071110;05:00;0.54;3.27;222.45
20071110;06:00;0.73;3.55;232.58
20071110;07:00;0.74;3.73;240.55
20071110;08:00;0.68;4.06;245.41
20071110;09:00;0.70;3.37;248.45
20071110;10:00;0.68;3.54;226.75
20071110;11:00;0.71;5.25;212.75
20071110;12:00;0.73;5.34;214.60
20071110;13:00;0.74;4.85;213.90
20071110;14:00;0.66;4.92;214.53
20071110;15:00;0.68;5.14;215.23
20071110;16:00;0.69;5.56;217.07
20071110;17:00;0.76;3.79;234.27
20071110;18:00;0.78;5.69;232.82
20071110;19:00;0.65;3.05;241.03
20071110;20:00;0.58;2.94;244.26
20071110;21:00;0.56;3.03;244.29
20071110;22:00;0.63;6.31;230.29
20071110;23:00;0.67;5.60;220.42
20071110;00:00;0.74;5.56;211.71
20071110;01:00;0.85;5.37;216.19
20071110;02:00;0.79;5.62;210.16
20071110;03:00;0.83;5.13;208.37
20071110;04:00;0.77;5.15;212.62
20071111;05:00;0.77;5.58;219.35
20071111;06:00;0.78;3.81;222.75
20071111;07:00;0.85;4.03;228.68
20071111;08:00;0.75;3.76;245.66
20071111;09:00;0.76;3.62;238.05
20071111;10:00;0.85;3.96;222.36
20071111;11:00;0.90;5.93;214.28
20071111;12:00;0.86;5.54;216.92
20071111;13:00;0.84;5.65;214.60
20071111;14:00;0.96;5.79;213.61
20071111;15:00;1.00;5.60;214.41
20071111;16:00;0.86;5.61;208.93
20071111;17:00;0.87;5.89;216.13
20071111;18:00;0.87;3.94;232.91
20071111;19:00;0.85;3.64;238.89
20071111;20:00;0.67;6.65;236.27
20071111;21:00;0.52;6.74;227.08
20071111;22:00;0.54;6.67;215.99
20071111;23:00;0.53;6.55;210.75
20071111;00:00;0.59;6.57;203.22
20071111;01:00;0.56;5.95;197.85
20071111;02:00;0.60;6.03;209.77
20071111;03:00;0.56;5.85;194.94
20071111;04:00;0.46;5.69;192.99
20071112;05:00;0.41;5.98;184.38
20071112;06:00;0.31;6.16;216.40
20071112;07:00;0.28;6.46;195.29
20071112;08:00;0.20;5.88;212.70
20071112;09:00;0.17;6.60;197.70
20071112;10:00;0.17;6.93;201.14
20071112;11:00;0.18;6.58;198.23
20071112;12:00;0.19;6.14;186.64
20071112;13:00;0.21;5.55;197.71
20071112;14:00;0.21;5.67;185.98
20071112;15:00;0.23;5.23;173.46
20071112;16:00;0.23;5.28;176.10
20071112;17:00;0.22;5.30;163.95
20071112;18:00;0.21;5.39;212.92
20071112;19:00;0.20;5.94;199.10
20071112;20:00;0.17;5.45;186.91
20071112;21:00;0.17;6.19;222.42
20071112;22:00;0.20;2.03;232.44
20071112;23:00;0.17;5.79;218.55
20071112;00:00;0.17;4.37;203.43
20071112;01:00;0.18;5.00;205.53
20071112;02:00;0.19;4.33;190.65
20071112;03:00;0.21;5.27;188.95
20071112;04:00;0.21;4.80;223.95
20071113;05:00;0.22;7.36;182.74
20071113;06:00;0.23;7.49;167.22
20071113;07:00;0.31;2.34;224.43
20071113;08:00;0.32;2.52;225.63
20071113;09:00;0.31;2.47;254.10
20071113;10:00;0.38;2.50;236.31
20071113;11:00;0.64;2.94;236.82
20071113;12:00;0.67;3.40;221.15
20071113;13:00;0.56;3.93;224.46
20071113;14:00;0.68;3.75;218.15
20071113;15:00;0.60;4.36;211.46
20071113;16:00;0.57;4.92;215.21
20071113;17:00;0.54;3.41;206.69
20071113;18:00;0.57;5.35;214.30
20071113;19:00;0.69;3.47;239.47
20071113;20:00;0.68;3.46;230.51
20071113;21:00;0.66;3.81;244.94
20071113;22:00;0.59;3.14;253.27
20071113;23:00;0.60;3.37;243.28
20071113;00:00;0.57;5.41;220.20
20071113;01:00;0.48;5.32;208.59
20071113;02:00;0.62;5.41;204.98
20071113;03:00;0.53;5.28;210.23
20071113;04:00;0.51;5.55;208.63
20071114;05:00;0.46;5.72;211.35
20071114;06:00;0.45;6.11;209.80
20071114;07:00;0.42;6.04;226.99
20071114;08:00;0.42;6.25;225.46
20071114;09:00;0.37;5.93;249.04
20071114;10:00;0.31;2.19;238.40
20071114;11:00;0.28;6.28;223.20
20071114;12:00;0.27;6.15;208.74
20071114;13:00;0.24;5.85;185.71
20071114;14:00;0.23;5.91;210.74
20071114;15:00;0.25;6.18;194.24
20071114;16:00;0.24;5.19;186.94
20071114;17:00;0.24;6.22;185.34
20071114;18:00;0.19;5.90;187.64
20071114;19:00;0.20;6.49;209.33
20071114;20:00;0.18;6.54;156.49
20071114;21:00;0.18;6.31;213.24
20071114;22:00;0.16;6.63;185.99
20071114;23:00;0.17;6.21;174.29
20071114;00:00;0.16;6.06;202.88
20071114;01:00;0.16;5.87;189.51
20071114;02:00;0.15;5.61;193.52
20071114;03:00;0.16;6.25;181.12
20071114;04:00;0.18;5.91;188.77
20071115;05:00;0.20;8.56;200.34
20071115;06:00;0.18;5.83;197.73
20071115;07:00;0.18;5.73;196.16
20071115;08:00;0.17;6.28;197.76
20071115;09:00;0.17;6.77;238.54
20071115;10:00;0.14;6.62;238.72
20071115;11:00;0.13;6.22;217.64
20071115;12:00;0.13;5.17;182.72
20071115;13:00;0.16;4.58;201.09
20071115;14:00;0.17;4.55;199.64
20071115;15:00;0.17;4.97;181.53
20071115;16:00;0.17;5.03;179.64
20071115;17:00;0.19;4.73;212.48
20071115;18:00;0.18;5.19;180.17
20071115;19:00;0.19;5.14;205.54
20071115;20:00;0.16;4.49;196.89
20071115;21:00;0.15;4.50;202.84
20071115;22:00;0.15;5.24;177.55
20071115;23:00;0.15;5.05;187.22
20071115;00:00;0.15;5.01;215.60
20071115;01:00;0.18;4.80;215.86
20071115;02:00;0.19;4.44;207.76
20071115;03:00;0.19;4.33;189.06
20071115;04:00;0.18;4.22;202.34
20071116;05:00;0.18;4.17;208.53
20071116;06:00;0.19;4.76;186.05
20071116;07:00;0.18;5.33;218.35
20071116;08:00;0.17;6.92;187.55
20071116;09:00;0.16;6.91;151.43
20071116;10:00;0.15;6.60;216.41
20071116;11:00;0.13;6.87;220.38
20071116;12:00;0.12;5.62;205.43
20071116;13:00;0.14;6.77;210.27
20071116;14:00;0.16;3.91;196.30
20071116;15:00;0.19;3.76;182.32
20071116;16:00;0.18;3.87;216.22
20071116;17:00;0.18;10.47;187.01
20071116;18:00;0.18;3.78;183.23
20071116;19:00;0.17;3.84;198.57
20071116;20:00;0.18;6.67;218.73
20071116;21:00;0.17;6.40;201.21
20071116;22:00;0.15;6.36;219.59
20071116;23:00;0.13;3.58;201.18
20071116;00:00;0.11;6.74;210.73
20071116;01:00;0.15;6.60;208.10
20071116;02:00;0.17;3.24;193.41
20071116;03:00;0.20;11.17;172.25
20071116;04:00;0.21;10.71;193.64
20071117;05:00;0.22;3.92;203.94
20071117;06:00;0.28;3.76;201.82
20071117;07:00;0.24;3.56;196.90
20071117;08:00;0.24;3.87;216.44
20071117;09:00;0.26;4.04;218.17
20071117;10:00;0.25;4.41;215.63
20071117;11:00;0.26;4.39;230.51
20071117;12:00;0.21;4.59;212.25
20071117;13:00;0.21;4.04;203.50
20071117;14:00;0.20;4.30;196.60
20071117;15:00;0.25;4.29;194.92
20071117;16:00;0.30;4.39;196.09
20071117;17:00;0.59;4.75;189.57
20071117;18:00;0.83;4.97;188.73
20071117;19:00;0.70;5.34;187.20
20071117;20:00;0.69;5.01;185.87
20071117;21:00;0.72;5.23;190.38
20071117;22:00;0.74;5.30;198.91
20071117;23:00;0.52;5.04;196.73
20071117;00:00;0.56;5.16;203.91
20071117;01:00;0.85;4.97;206.91
20071117;02:00;1.16;5.27;207.38
20071117;03:00;1.16;5.27;207.38
20071117;04:00;0.02;1.62;79.46
20071117;05:00;1.38;5.45;200.69
20071118;06:00;1.66;5.55;199.96
20071118;07:00;1.83;5.70;199.79
20071118;08:00;1.86;6.05;201.45
20071118;09:00;2.12;6.29;200.48
20071118;10:00;1.80;6.52;199.25
20071118;11:00;1.98;6.76;199.82
20071118;12:00;1.87;6.77;199.61
20071118;13:00;1.54;6.92;199.10
20071118;14:00;1.59;7.06;200.18
20071118;15:00;1.43;7.20;198.21
20071118;16:00;1.72;7.52;198.07
20071118;17:00;1.88;7.18;197.86
20071118;18:00;1.67;7.34;197.51
20071118;19:00;1.70;7.36;194.97
20071118;20:00;1.91;7.62;194.07
20071118;21:00;1.98;7.59;194.54
20071118;22:00;1.97;7.73;194.47
20071118;23:00;1.78;7.85;196.68
20071118;00:00;1.53;7.96;200.68
20071118;01:00;1.43;8.17;198.50
20071118;02:00;1.15;7.61;193.71
20071118;03:00;1.04;7.30;194.47
20071118;04:00;1.01;7.88;202.56
20071118;05:00;1.03;7.56;198.23
20071119;06:00;0.96;7.45;194.65
20071119;07:00;0.98;6.80;199.81
20071119;08:00;1.02;6.49;203.17
20071119;09:00;1.03;6.59;199.76
20071119;10:00;1.09;6.58;203.71
20071119;11:00;1.20;6.74;202.23
20071119;12:00;1.12;6.67;205.38
20071119;13:00;1.16;7.28;211.51
20071119;14:00;1.14;7.63;210.40
20071119;15:00;1.16;6.60;205.32
20071119;16:00;0.93;5.76;203.65
20071119;17:00;0.84;5.93;203.40
20071119;18:00;1.17;5.73;198.79
20071119;19:00;1.24;6.40;197.10
20071119;20:00;1.24;5.98;197.63
20071119;21:00;1.21;6.49;195.81
20071119;22:00;1.37;5.78;195.37
20071119;23:00;1.13;5.56;199.05
20071119;00:00;1.16;6.12;196.03
20071119;01:00;1.18;6.02;201.72
20071119;02:00;1.12;6.90;202.66
20071119;03:00;1.02;6.74;203.52
20071119;04:00;0.70;6.62;203.87
20071119;05:00;0.69;6.68;211.39
20071120;06:00;0.68;5.88;202.58
20071120;07:00;0.74;5.68;199.58
20071120;08:00;0.68;5.50;198.09
20071120;09:00;0.73;5.41;197.60
20071120;10:00;0.69;5.21;198.29
20071120;11:00;0.71;4.76;201.02
20071120;12:00;0.68;5.28;203.57
20071120;13:00;0.58;5.12;200.58
20071120;14:00;0.52;5.21;211.76
20071120;15:00;0.50;5.43;200.47
20071120;16:00;0.33;5.27;206.12
20071120;17:00;0.38;4.61;205.51
20071120;18:00;0.32;5.16;197.95
20071120;19:00;0.33;4.92;201.15
20071120;20:00;0.42;4.72;189.83
20071120;21:00;0.41;4.57;191.51
20071120;22:00;0.44;4.58;186.66
20071120;23:00;0.44;4.82;187.64
20071120;00:00;0.46;4.24;190.78
20071120;01:00;0.57;5.10;194.80
20071120;02:00;0.60;5.12;187.45
20071120;03:00;0.57;4.73;196.42
20071120;04:00;0.56;5.09;196.21
20071120;05:00;0.65;5.02;209.67
20071121;06:00;0.53;4.94;208.04
20071121;07:00;0.55;5.42;205.57
20071121;08:00;0.64;5.15;196.71
20071121;09:00;0.79;4.78;201.04
20071121;10:00;0.86;4.71;205.95
20071121;11:00;0.85;4.53;204.61
20071121;12:00;0.96;4.48;213.16
20071121;13:00;1.06;4.67;210.74
20071121;14:00;0.80;4.74;213.86
20071121;15:00;0.76;4.93;220.72
20071121;16:00;0.84;5.06;216.34
20071121;17:00;0.79;5.38;220.95
20071121;18:00;0.72;5.37;225.35
20071121;19:00;0.66;5.39;217.08
20071121;20:00;0.59;5.35;212.23
20071121;21:00;0.59;5.15;206.68
20071121;22:00;0.49;4.65;202.00
20071121;23:00;0.47;4.03;202.94
20071121;00:00;0.45;4.03;205.40
20071121;01:00;0.51;3.96;200.11
20071121;02:00;0.50;3.86;204.46
20071121;03:00;0.45;4.47;211.21
20071121;04:00;0.83;4.23;206.98
20071121;05:00;0.72;4.99;204.97
20071122;06:00;0.72;5.15;209.47
20071122;07:00;0.73;5.63;204.74
20071122;08:00;0.77;5.60;205.30
20071122;09:00;0.71;5.57;200.87
20071122;10:00;0.82;5.47;198.20
20071122;11:00;0.73;5.10;198.10
20071122;12:00;0.64;5.14;196.05
20071122;13:00;0.53;5.19;197.87
20071122;14:00;0.45;5.16;178.86
20071122;15:00;0.44;5.22;195.76
20071122;16:00;0.41;4.78;209.30
20071122;17:00;0.39;2.75;226.16
20071122;18:00;0.36;2.46;216.54
20071122;19:00;0.35;2.40;244.93
20071122;20:00;0.37;3.00;223.14
20071122;21:00;0.36;3.25;216.44
20071122;22:00;0.35;3.52;207.58
20071122;23:00;0.30;4.00;193.84
20071122;00:00;0.31;3.42;219.10
20071122;01:00;0.33;3.37;194.18
20071122;02:00;0.31;7.12;197.44
20071122;03:00;0.30;7.11;196.21
20071122;04:00;0.27;3.67;183.83
20071122;05:00;0.25;7.11;209.53
20071123;06:00;0.21;3.83;223.33
20071123;07:00;0.17;8.13;219.26
20071123;08:00;0.14;7.58;211.89
20071123;09:00;0.14;7.76;201.53
20071123;10:00;0.13;7.31;183.24
20071123;11:00;0.16;8.32;193.82
20071123;12:00;0.15;9.01;277.51
20071123;13:00;0.14;8.61;303.69
20071123;14:00;0.15;8.40;247.46
20071123;15:00;0.18;8.60;123.67
20071123;16:00;0.18;8.72;108.51
20071123;17:00;0.19;1.56;284.91
20071123;18:00;0.17;1.52;190.98
20071123;19:00;0.15;1.41;187.33
20071123;20:00;0.15;1.26;106.13
20071123;21:00;0.14;5.78;219.29
20071123;22:00;0.16;4.85;200.85
20071123;23:00;0.15;5.63;202.66
20071123;00:00;0.16;6.00;201.15
20071123;01:00;0.18;5.69;163.96
20071123;02:00;0.18;5.76;207.40
20071123;03:00;0.20;5.68;176.70
20071123;04:00;0.18;8.07;192.56
20071123;05:00;0.16;5.57;174.16
20071124;06:00;0.15;6.53;211.51
20071124;07:00;0.17;6.05;203.25
20071124;08:00;0.14;6.46;208.04
20071124;09:00;0.17;6.03;208.57
20071124;10:00;0.20;5.81;180.87
20071124;11:00;0.22;4.52;193.12
20071124;12:00;0.25;5.40;187.20
20071124;13:00;0.26;5.28;196.60
20071124;14:00;0.26;5.45;174.42
20071124;15:00;0.28;4.47;177.33
20071124;16:00;0.27;4.09;201.85
20071124;17:00;0.26;4.45;213.10
20071124;18:00;0.50;3.18;230.87
20071124;19:00;0.71;3.66;237.67
20071124;20:00;0.87;4.16;238.77
20071124;21:00;0.96;4.42;236.99
20071124;22:00;1.01;4.20;231.36
20071124;23:00;1.02;4.85;219.34
20071124;00:00;1.06;4.89;218.02
20071124;01:00;1.04;4.52;215.45
20071124;02:00;1.09;5.41;206.76
20071124;03:00;0.93;5.45;206.98
20071124;04:00;0.93;5.92;203.62
20071124;05:00;0.88;5.95;207.11
20071125;06:00;0.75;6.28;213.98
20071125;07:00;0.67;6.92;225.91
20071125;08:00;0.71;7.01;235.78
20071125;09:00;0.65;6.69;228.39
20071125;10:00;0.63;6.67;220.08
20071125;11:00;0.63;6.41;215.92
20071125;12:00;0.61;6.19;197.85
20071125;13:00;0.64;5.56;206.49
20071125;14:00;0.65;5.64;201.18
20071125;15:00;0.56;5.83;199.76
20071125;16:00;0.59;5.55;209.02
20071125;17:00;0.53;5.65;209.67
20071125;18:00;0.48;5.98;226.95
20071125;19:00;0.54;5.97;228.87
20071125;20:00;0.48;6.66;244.30
20071125;21:00;0.42;2.71;239.73
20071125;22:00;0.45;3.15;231.65
20071125;23:00;0.45;3.10;223.44
20071125;00:00;0.44;5.96;202.61
20071125;01:00;0.41;4.34;197.77
20071125;02:00;0.42;4.60;205.93
20071125;03:00;0.42;4.78;202.24
20071125;04:00;0.43;4.12;189.62
20071125;05:00;0.43;5.82;192.55
